John Doe,Software Engineer
Jane Smith,Product Manager
Michael Johnson,Data Analyst
Taylor Davis,Assistant Language Teacher
Javier Briggs,Associate Director of Business Development
Shane Singh,Actuarial analyst
Lori Bauer,Software Engineer
Sharon Scott,Operations Director
Jennifer Perry,adult services manager
Kenneth Salazar,Benefits Financial Specialist
Joseph Chandler,Quality Assurance/Learning Management Systems Specialist
Joshua Sanchez,Associate
Debbie Porter,Director of sales
Travis Meyer,Principal Engineer
Dawn Potter,Assistant Editor
Amanda Olsen,Administrative Support
Kevin Barr,Controller
Brandy Stone,Associate Analyst
Connor Ward,Manager
Julie Martin,Executive Assistant
Brian Pena,Director of Education
Michael Smith,Senior Advisor
Matthew Mccullough,Executive Assistant
Michael Medina,HR Director
Rebecca Davis,Marketing Manager
Julie Duke,Human Resources Manager
Brooke Porter,Chemical Engineer
Jeffrey Byrd,Policy Associate
Erica Casey,Bibliographic specialist
Anthony Mcdowell,Administrative Attorney
Alyssa Scott,Library Director
Allen Benson,Librarian
Catherine Turner,Archivist
Edward Harvey,Attorney
Duane Prince,Purchasing Assistant
Ashley Adams,Senior Business Analyst
Katherine Gentry,junior web designer
Susan Pennington,Operations Specialist
Joshua Mathis,convention coordinator
Matthew Martin,Librarian
Christina Moore,Director Front End Technologies
Crystal Brady,Payroll advisor
John Patel,Accounting Specialist IV
Carlos Mann,Graduate Coordinator
Anita Mack,Project architect
Robert Johns,Content Writer
Monica Ortiz,Library Assistant
Morgan Vargas,HR assistant
William Bender,NOC Engineer
Michael Beltran,Research Associate II
Jason Gibson,Assciate
Ryan Tanner,Application aupport
Howard Page,Administrative Specialist I
Autumn Cardenas,Administrative Assistant
Rhonda Campbell,English teacher
Connie Evans,Chief Fiscal Officer
Lisa Sanchez,Billing specialist
Haley Grant,Client Manager
Erika Kent,Marketing Assistant Manager
Mr. Tracy White MD,Director of Human Resources
Teresa Morgan,Assistant Dean
Charles Williams,Library acquisitions specialist
Eric Mclaughlin,Junior Editor
Ray Ryan,Graphic Designer
Matthew Coleman,Grants and Contracts Coordinator
Nichole Robles,Scientist
Keith Williams,implementation manager
Kristina Acosta,Functional Analyst
Tracey Fleming,Project Manager
Kayla Lee,Press secretary
Shannon Bradley,Program Manager
Richard Shields,Data Analyst
Bailey Cobb,Communications Advisor
Michael Francis,Media Buyer
Adrienne Bailey,Senior Graphic Designer
Michael Roberts,Publisher
Gary Johnson,Accountant
Renee Stone,Senior Sensor Systems Engineer
Jennifer Horne,Graduate Research Fellow
Mr. Troy Haynes,Senior Project Coordinator
Elizabeth Austin,Community Engagement Director
Alexis Brooks,Senior Content Marketing Strategist
Michele Luna,Software Engineer
Jason Mills,copywriter
Jacob Hale,Title Examiner
Jay Alvarado,Senior Technical Writer
Jonathan Sheppard,IT PKI & security expert
Brenda Rodriguez,Deputy CEO
Mark Wiggins,Zookeeper
David Yang,Librarian
Sarah Green,IT Director
Shane Miller,Admin Assistant
John Mccarty,Associate Project Manager
Dr. Charles Padilla,Standards Associate
Thomas Robinson,Graphic Artist
Jeanette Moore,Accountant
Luis Larsen,Sr Account Executive
John Johnson,Human Resources Manager
Katelyn Richardson,Finance Manager
Michael Cohen,Senior Manager